max_encoder_length,n_pca,SPEECH_WINDOW_MONTHS,hidden_size,lstm_layers,attention_head_size,hidden_continuous_size,dropout,learning_rate,batch_size,Best_Validation_Loss,Trial_Number,Embedding,Aggregation,Horizon,Seed
12,20,12,128,1,2,8,0.22916808012914672,0.0016840915765622385,16,0.03229343518614769,39,,mean,6,42
12,10,3,64,4,4,16,0.2166297895325225,0.002972296252908071,32,0.03581582382321358,18,fomc-roberta,mean,6,42
24,128,2,1,32,0.23366475107128326,0.0019762189340280074,32,0.04182405397295952,0,,mean,3,42
24,128,1,2,32,0.11282762099326776,0.001514840229652477,16,0.031107336282730103,23,,mean,3,42
12,128,2,4,16,0.0728287460213146,0.0009902776505551314,16,0.02945665456354618,196,,mean,6,42
