max_encoder_length,min_encoder_length,n_pca,SPEECH_WINDOW_MONTHS,hidden_size,lstm_layers,attention_head_size,hidden_continuous_size,dropout,learning_rate,batch_size,Best_Validation_Loss,Trial_Number,Embedding,Seed
48,8,20,6,16,2,1,32,0.08097237571817183,0.0003872118032174585,64,0.0006495257839560509,1,fomc-roberta,42
24,8,20,12,16,2,2,32,0.32481158648755476,0.0003972110727381913,128,0.0007474881713278592,0,,42
24,20,12,64,1,4,16,0.3788246295474662,0.04835952776465952,32,0.0005187652423046529,1,,42
24,128,2,1,32,0.23366475107128326,0.0019762189340280074,32,0.00057679892051965,0,,mean,12,42
36,16,2,4,32,0.17486366434275624,0.0006963114377829289,64,0.0004979576333425939,2,,mean,6,42
48,64,4,2,8,0.06621781198664126,0.003708012720991511,16,0.0002212555700680241,64,,mean,3,42
